"account","type","region","target_role","named_contact","public_contact","source_url","priority","primary_angle","status","verification"
"PocketGamer.biz","games_media","Global","Head of Content","Craig Chapple","craig.chapple@steelmedianetwork.com","https://www.pocketgamer.biz/about-us/","A","AI-native operations / soft launch / mobile business","SENT_2026-10-01","verified"
"PocketGamer.biz","games_media","Global","Deputy Editor","Paige Cook","paige.cook@steelmedianetwork.com","https://www.pocketgamer.biz/about-us/","A","mobile games / features","HOLD_same_outlet","verified"
"Pocket Gamer Connects","conference","Global","Head of Content / agenda","Craig Chapple","craig.chapple@steelmedianetwork.com","https://www.pocketgamer.biz/staff/100175/craig-chapple/","A","solo / fireside / AI-native game operations","ACTIVE","verified"
"Pocket Gamer Connects","conference","Global","Events editorial","Charlie Scowen","charlie.scowen@steelmedianetwork.com","https://www.pocketgamer.biz/events/pocket-gamer-connects-summit-san-francisco-2026/coverage/","A","PGC San Francisco / future cities","SENT_2026-09-30","verified"
"MobileGamer.biz","games_media","Global","Founder / Editor","Neil Long","neil@mobilegamer.biz","https://mobilegamer.biz/advertise-2/","A","mobile UA / soft launch / retention","READY","verified"
"Game Developer","games_media","Global","Editorial Director","Alissa McAloon","","https://www.gamedeveloper.com/contact-game-developer","A","development operations / AI / production","RESEARCH_ROUTE","verified_role"
"Game Developer","games_media","Global","Editor-in-Chief","Danielle Riendeau","","https://www.gamedeveloper.com/contact-game-developer","A","developer practice / interviews","RESEARCH_ROUTE","verified_role"
"Game Developer","games_media","Global","Senior Editor","Bryant Francis","","https://www.gamedeveloper.com/contact-game-developer","B","production / design systems","RESEARCH_ROUTE","verified_role"
"Game Developer","games_media","Global","Senior News Editor","Chris Kerr","","https://www.gamedeveloper.com/contact-game-developer","B","news / industry operations","RESEARCH_ROUTE","verified_role"
"GamesBeat","games_media","US","Editorial Director","Dean Takahashi","","https://gamesbeat.com/author/vbdeantakahashi/","A","AI games / global games / executive operations","RESEARCH_EMAIL","verified_role"
"VentureBeat","tech_media","US","Managing Editor","Jennifer Tsao","jennifer@venturebeat.com","https://venturebeat.com/author/jennifer-tsao","A","AI decision accountability / enterprise angle","READY","verified"
"VentureBeat","tech_media","US","News desk","","tips@venturebeat.com","https://venturebeat.com/contact-2","A","timely AI / data news","READY","verified"
"Naavik","games_research_podcast","Global","Podcast / research team","","","https://naavik.co/contact-us/","A","operator frameworks / category thesis","RESEARCH_ROUTE","verified_org"
"Deconstructor of Fun","games_media_podcast","Global","Founder / host","Michail Katkoff","","https://www.deconstructoroffun.com/","A","Zynga operator systems / AI-native studios","RESEARCH_ROUTE","verified_org"
"GamesIndustry.biz","games_media","Global","Editorial team","","","https://www.gamesindustry.biz/","A","publishing / global business","RESEARCH_ROUTE","seed"
"80 Level","games_media","Global","Editorial / interview team","","","https://80.lv/","B","AI production / game development","RESEARCH_ROUTE","seed"
"Game World Observer","games_media","Global","Editorial team","","","https://gameworldobserver.com/","B","industry business / data","RESEARCH_ROUTE","seed"
"GameDiscoverCo","games_newsletter","Global","Founder / newsletter","","","https://gamediscover.co/","B","distribution / discovery / Steam-adjacent","RESEARCH_ROUTE","seed"
"GameMakers","games_media_podcast","US","Founder / host","","","https://gamemakers.com/","B","product / studio operations","RESEARCH_ROUTE","seed"
"InvestGame","games_research","Global","Editorial / research","","","https://investgame.net/","B","investment / category thesis","RESEARCH_ROUTE","seed"
"WN Hub","games_media_events","Global","Editorial / content","","","https://wnhub.io/","B","global game business / events","RESEARCH_ROUTE","seed"
"MCV/DEVELOP","games_media","UK","Editorial team","","","https://mcvuk.com/","B","UK / global industry","RESEARCH_ROUTE","seed"
"GamingonPhone","games_media","Asia/Global","Editorial team","","","https://gamingonphone.com/","C","mobile / Asia","RESEARCH_ROUTE","seed"
"PocketGamer.com","consumer_games_media","Global","Editorial team","","","https://www.pocketgamer.com/","C","consumer mobile angle only","RESEARCH_ROUTE","seed"
"Sensor Tower Insights","data_media","Global","Insights / research","","","https://sensortower.com/blog","B","market data collaboration / commentary","RESEARCH_ROUTE","seed"
"AppMagic","data_media","Global","Research / content","","","https://appmagic.rocks/","B","mobile market data / category reports","RESEARCH_ROUTE","seed"
"GameRefinery","data_media","Global","Research / content","","","https://www.gamerefinery.com/","B","LiveOps / feature trends","RESEARCH_ROUTE","seed"
"Liftoff Mobile","adtech_media","Global","Content / reports","","","https://liftoff.io/","C","UA / creative / mobile economics","RESEARCH_ROUTE","seed"
"AppsFlyer","adtech_media","Global","Content / research","","","https://www.appsflyer.com/","B","UA / attribution / AI creative","RESEARCH_ROUTE","seed"
"Adjust","adtech_media","Global","Content / research","","","https://www.adjust.com/","B","mobile measurement / benchmarks","RESEARCH_ROUTE","seed"
"Singular","adtech_media","Global","Content / events","","","https://www.singular.net/","B","UA / measurement / game events","RESEARCH_ROUTE","seed"
"Moloco","adtech_media","Global","Content / gaming","","","https://www.moloco.com/","C","ML advertising / mobile games","RESEARCH_ROUTE","seed"
"Unity","platform_media","Global","Games / industry content","","","https://unity.com/","C","production / monetization / AI","RESEARCH_ROUTE","seed"
"Google for Games","platform_media","Global","Games partnerships / content","","","https://games.withgoogle.com/","B","AI / cloud / global games","RESEARCH_ROUTE","seed"
"Google Cloud Games","platform_media","Global","Games industry marketing / content","","","https://cloud.google.com/solutions/games","B","AI-native operating infrastructure","RESEARCH_ROUTE","seed"
"AWS for Games","platform_media","Global","Games industry content","","","https://aws.amazon.com/gametech/","B","cloud / LiveOps / AI","RESEARCH_ROUTE","seed"
"NVIDIA Developer / Games","platform_media","Global","Developer marketing / content","","","https://developer.nvidia.com/","C","AI / game tooling","RESEARCH_ROUTE","seed"
"Microsoft Game Dev","platform_media","Global","Developer relations / content","","","https://developer.microsoft.com/en-us/games/","C","game development / AI","RESEARCH_ROUTE","seed"
"Xsolla","games_business_media","Global","Content / events","","","https://xsolla.com/","C","monetization / D2C / publishing","RESEARCH_ROUTE","seed"
"Stash","games_business_media","Global","Content / D2C","","","https://www.stash.gg/","C","web shops / monetization","RESEARCH_ROUTE","seed"
"Tech in Asia","tech_media","Asia","Editorial desk","","editors@techinasia.com","https://help.techinasia.com/support/solutions/articles/17000012882-how-do-i-get-covered-by-tech-in-asia-","A","AI-native consumer / Asia game operators","READY","verified"
"e27","tech_media","SEA","Editorial desk","","writers@e27.co","https://help.e27.co/article/70-i-need-to-get-in-touch-with-the-e27-editorial-team","A","SEA AI / founder / operator thesis","READY","verified"
"Vulcan Post","tech_media","SEA","Editorial team","","","https://vulcanpost.com/","B","SEA founders / AI consumer","RESEARCH_ROUTE","seed"
"DealStreetAsia","business_media","Asia","Editorial team","","","https://www.dealstreetasia.com/","C","funding / company news only","RESEARCH_ROUTE","seed"
"The Business Times Singapore","business_media","Singapore","Technology / companies desk","","","https://www.businesstimes.com.sg/","B","Singapore / regional game business","RESEARCH_ROUTE","seed"
"The Peak Singapore","business_lifestyle_media","Singapore","Editorial team","","","https://www.thepeakmagazine.com.sg/","C","executive / thought leadership","RESEARCH_ROUTE","seed"
"KrASIA","tech_media","Asia","Editorial team","","","https://kr-asia.com/","B","China / Asia tech globalization","RESEARCH_ROUTE","seed"
"TechNode","tech_media","China/Global","Editorial team","","","https://technode.com/","B","China tech / global AI","RESEARCH_ROUTE","seed"
"Pandaily","tech_media","China/Global","Editorial team","","","https://pandaily.com/","C","China tech / consumer","RESEARCH_ROUTE","seed"
"白鲸出海","china_overseas_media","China","游戏 / 活动内容团队","","","https://www.baijing.cn/","A","游戏出海 / AI Native / 公开分享","WARM_EXISTING","verified_org"
"游戏葡萄","china_games_media","China","编辑 / 深度内容","","","https://youxiputao.com/","A","产品 / 发行 / AI 游戏","RESEARCH_ROUTE","seed"
"GameLook","china_games_media","China","编辑部","","","http://www.gamelook.com.cn/","A","产业 / 产品 / 全球化","RESEARCH_ROUTE","seed"
"罗斯基","china_games_media","China","编辑 / 社群","","","https://www.luosk.com/","B","休闲 / 出海 / 商业化","RESEARCH_ROUTE","seed"
"竞核","china_games_media","China","编辑部","","","https://jinghe.com/","B","游戏产业 / AI","RESEARCH_ROUTE","seed"
"游戏茶馆","china_games_media","China","编辑部","","","https://youxichaguan.com/","B","中小游戏团队 / 出海","RESEARCH_ROUTE","seed"
"游戏陀螺","china_games_media","China","编辑部","","","https://www.youxituoluo.com/","B","产业 / 出海 / AI","RESEARCH_ROUTE","seed"
"游戏日报","china_games_media","China","编辑部","","","https://www.youxidaily.com/","B","产业 / 公司 / 产品","RESEARCH_ROUTE","seed"
"触乐","china_games_media","China","编辑部","","","https://www.chuapp.com/","C","开发者 / 行业故事","RESEARCH_ROUTE","seed"
"手游那点事","china_games_media","China","编辑部","","","https://www.nadianshi.com/","B","手游 / 出海 / 产品","RESEARCH_ROUTE","seed"
"量子位","ai_media","China","编辑部","","","https://www.qbitai.com/","B","AI-native consumer / 游戏AI","RESEARCH_ROUTE","seed"
"机器之心","ai_media","China","编辑部","","","https://www.jiqizhixin.com/","B","AI 技术 / 应用","RESEARCH_ROUTE","seed"
"36氪","business_tech_media","China","科技 / 创业编辑","","","https://36kr.com/","B","AI consumer / founder story","RESEARCH_ROUTE","seed"
"品玩","tech_media","China","编辑部","","","https://www.pingwest.com/","C","AI / consumer tech","RESEARCH_ROUTE","seed"
"虎嗅","business_media","China","科技 / 商业编辑","","","https://www.huxiu.com/","C","商业 / AI / 全球化","RESEARCH_ROUTE","seed"
"GDC Festival of Gaming","conference","US","Content / program team","","","https://gdconf.com/","A","2028 pipeline; AI-native operations / game business","WATCH_NEXT_CFP","verified_org"
"D.I.C.E. Summit","conference","US","Content / conference team","","","https://www.dicesummit.org/","B","executive game leadership","RESEARCH_ROUTE","seed"
"Gamescom","conference","Germany","Congress / content team","","","https://www.gamescom.global/","A","global game business / AI","RESEARCH_ROUTE","seed"
"Gamescom Asia","conference","Asia","Conference content team","","","https://gamescom.asia/","A","Asia game business / publishing","RESEARCH_ROUTE","seed"
"Gamescom Latam","conference","LatAm","Conference content team","","","https://latam.gamescom.global/","B","global publishing / emerging markets","RESEARCH_ROUTE","seed"
"Tokyo Game Show","conference","Japan","Business seminar / organizer","","","https://tgs.cesa.or.jp/","B","Asia / global publishing","RESEARCH_ROUTE","seed"
"G-STAR","conference","Korea","Conference / organizer","","","https://www.gstar.or.kr/","B","Asia game business","RESEARCH_ROUTE","seed"
"ChinaJoy","conference","China","CGDC / BTOB content team","","","https://www.chinajoy.net/","A","AI + 游戏出海 / 商业化","RESEARCH_ROUTE","seed"
"Nordic Game","conference","Nordics","Program team","","","https://nordicgame.com/","B","game development / publishing","RESEARCH_ROUTE","seed"
"Develop:Brighton","conference","UK","Conference producer / content","","","https://www.developconference.com/","B","developer operations / AI","RESEARCH_ROUTE","seed"
"Reboot Develop Blue","conference","Europe","Program / speaker team","","","https://rebootdevelopblue.com/","B","developer / business","RESEARCH_ROUTE","seed"
"GamesBeat Summit","conference","US","Editorial / event content","Dean Takahashi","","https://gamesbeat.com/author/vbdeantakahashi/","A","AI games / executive operating systems","RESEARCH_EMAIL","verified_role"
"GamesBeat Next","conference","US","Editorial / event content","Dean Takahashi","","https://gamesbeat.com/author/vbdeantakahashi/","A","future of games / AI","RESEARCH_EMAIL","verified_role"
"MAU Vegas","conference","US","Content / speaker team","","","https://www.mobileappsunlocked.com/","B","UA / mobile business","RESEARCH_ROUTE","seed"
"App Promotion Summit London","conference","UK","Content / speaker team","","","https://apppromotionsummit.com/","B","UA / app business / AI creative","RESEARCH_ROUTE","seed"
"App Promotion Summit Berlin","conference","Germany","Content / speaker team","","","https://apppromotionsummit.com/","C","UA / app business","RESEARCH_ROUTE","seed"
"Gamesforum","conference","Europe/US","Content / speaker team","","","https://www.globalgamesforum.com/","B","LiveOps / monetization / UA","RESEARCH_ROUTE","seed"
"CES","conference","US","Conference programming","","","https://www.ces.tech/","A","AI consumer / game-adjacent","SUBMITTED_2026-09","internal_record"
"MWC Barcelona","conference","Spain","Speaker / content team","","","https://www.mwcbarcelona.com/","A","AI-native consumer / mobile","SUBMITTED_2026-09","internal_record"
"Web Summit","conference","Global","Content / speaker team","","","https://websummit.com/","B","founder / AI consumer / global business","RESEARCH_ROUTE","seed"
"Slush","conference","Finland","Content / speaker team","","","https://slush.org/","B","founder / AI / startup","WATCH","internal_record"
"Data Summit","conference","US","Conference producer","Marydee","","https://www.dbta.com/datasummit/","B","human accountability in AI decisions","SENT_2026-10-01","gmail_verified"
"The AI Summit London","conference","UK","Content / speaker team","","","https://london.theaisummit.com/","B","AI operating systems","RESEARCH_ROUTE","seed"
"World Summit AI","conference","Europe","Content / speaker team","","","https://worldsummit.ai/","B","AI + business","RESEARCH_ROUTE","seed"
"SuperAI","conference","Singapore","Content / speaker team","","","https://www.superai.com/","A","Singapore AI / consumer / games","RESEARCH_ROUTE","seed"
"WAIC","conference","China","Forum programming","","","https://www.worldaic.com.cn/","B","AI + consumer applications","RESEARCH_ROUTE","seed"
"GITEX Global","conference","UAE","Conference content team","","","https://www.gitex.com/","B","AI / global business","RESEARCH_ROUTE","seed"
"LEAP","conference","Saudi Arabia","Content / speaker team","","","https://onegiantleap.com/","B","AI / games / MENA","RESEARCH_ROUTE","seed"
"Echelon Asia Summit","conference","Singapore","Content / speaker team","","","https://e27.co/echelon/","A","SEA founder / AI consumer","RESEARCH_ROUTE","seed"
"ATxEnterprise / ATxSG","conference","Singapore","Content / speaker team","","","https://asiatechxsg.com/","B","tech / AI / media","RESEARCH_ROUTE","seed"
"TOKEN2049 Singapore","conference","Singapore","Content / speaker team","","","https://www.token2049.com/","C","only if web3/game angle is relevant","RESEARCH_ROUTE","seed"
"NVIDIA GTC","conference","US/Global","Developer / session program","","","https://www.nvidia.com/gtc/","B","AI / simulation / game tooling","RESEARCH_ROUTE","seed"
"Google Cloud Next","conference","US","Session / customer content","","","https://cloud.withgoogle.com/next","B","AI infrastructure / game case","RESEARCH_ROUTE","seed"
"AWS re:Invent","conference","US","Session / customer content","","","https://reinvent.awsevents.com/","C","game cloud / AI","RESEARCH_ROUTE","seed"
"SiGMA World","conference","Global","Conference content team","","","https://sigma.world/","B","social casino / gaming business","RESEARCH_ROUTE","seed"
"SBC Summit","conference","Global","Content / conference producer","","","https://sbcevents.com/","C","regulated gaming adjacency only","RESEARCH_ROUTE","seed"
"ICE Barcelona","conference","Europe","Content / conference team","","","https://www.icegaming.com/","C","gaming tech; careful category fit","RESEARCH_ROUTE","seed"
"iGB L!VE","conference","Europe","Content team","","","https://www.igblive.com/","C","gaming business adjacency","RESEARCH_ROUTE","seed"
"G2E Las Vegas","conference","US","Conference content team","","","https://www.globalgamingexpo.com/","C","casino ecosystem / social-casino adjacency","RESEARCH_ROUTE","seed"
"GTC 全球流量大会 · 上海","conference","China","白鲸活动内容 / 嘉宾团队","","","https://www.baijing.cn/gtc2026/shanghai","A","游戏出海 / AI / 分发","RESEARCH_ROUTE","verified_org"
"GTC 全球流量大会 · 深圳","conference","China","白鲸活动内容 / 嘉宾团队","","","https://www.baijing.cn/gtc2026/shenzhen","A","游戏出海 / AI / 分发","RESEARCH_ROUTE","verified_org"
"全球游戏对接会 · 白鲸","conference_series","China","游戏活动内容团队","","","https://www.baijing.cn/","A","AI-native / game publishing","WARM_EXISTING","verified_org"
"GIEC 全球泛娱乐行业科技创新峰会","conference_series","China/Asia","组织方内容团队","","","https://mp.weixin.qq.com/","A","AI + 全球产品","WARM_EXISTING","owned_archive"
"游路演 / 游戏创业者路演","conference","China","主办方内容 / 嘉宾","","","https://www.youluyan.cn/","B","中小游戏团队 / AI+游戏 / 出海","SUPPORTED_2026","verified_org"
"腾讯云游戏行业活动","platform_event","China","游戏行业市场 / 内容","","","https://cloud.tencent.com/","B","AI / cloud / games","RESEARCH_ROUTE","seed"
"火山引擎游戏行业活动","platform_event","China","游戏行业市场 / 内容","","","https://www.volcengine.com/","B","AI / game infrastructure","RESEARCH_ROUTE","seed"
"Google Play 游戏出海活动","platform_event","China/Asia","Games BD / marketing","","","https://play.google.com/console/about/","B","global publishing / mobile","RESEARCH_ROUTE","seed"
"Meta Gaming events","platform_event","Global","Gaming partnerships / content","","","https://www.facebook.com/business/industries/gaming","C","UA / creative / games","RESEARCH_ROUTE","seed"
"Xsolla Funding / events","platform_event","Global","Event / ecosystem content","","","https://xsolla.com/","C","publishing / monetization","RESEARCH_ROUTE","seed"
"Pocket Gamer Week in Mobile Games","podcast","Global","Editorial podcast team","","","https://www.pocketgamer.biz/","A","mobile games / weekly trends","HOLD_same_outlet","verified_org"
"Naavik Gaming Podcast","podcast","Global","Podcast host / producer","","","https://naavik.co/podcast/","A","operator systems / categories / AI","RESEARCH_ROUTE","verified_org"
"Deconstructor of Fun Podcast","podcast","Global","Host / producer","Michail Katkoff","","https://www.deconstructoroffun.com/blog/category/Podcast","A","Zynga / AI-native / studio operations","RESEARCH_ROUTE","verified_org"
"GameMakers Podcast","podcast","US","Host / producer","","","https://gamemakers.com/","B","product / studio operations","RESEARCH_ROUTE","seed"
"Game Dev Advice","podcast","Global","Host / producer","","","https://www.gamedevadvice.com/","C","career / development","RESEARCH_ROUTE","seed"
"Building the Game","podcast","Global","Host / producer","","","https://buildingthegamepodcast.com/","C","development process","RESEARCH_ROUTE","seed"
"Think Like A Game Designer","podcast","Global","Host / producer","","","https://www.thinklikeagamedesigner.com/","C","design / creator audience","RESEARCH_ROUTE","seed"
"TechTarget / Data Decision coverage","tech_media","US","Editorial","Nicole Laskowski","nlaskowski@techtarget.com","https://www.techtarget.com/","B","human accountability in AI-assisted decisions","SENT_2026-09-30","gmail_verified"
"Fast Company","business_media","US","Technology / leadership editor","","","https://www.fastcompany.com/","C","AI leadership / future of work","RESEARCH_ROUTE","seed"
"Business Insider","business_media","US/Global","Tech / media / gaming reporter","","","https://www.businessinsider.com/","C","founder / industry change","RESEARCH_ROUTE","seed"
"Forbes","business_media","Global","Games / AI contributor or editor","","","https://www.forbes.com/","C","operator thought leadership","RESEARCH_ROUTE","seed"
"Fortune","business_media","Global","Tech / AI editor","","","https://fortune.com/","C","AI / management","RESEARCH_ROUTE","seed"
"Rest of World","tech_media","Global","Asia / China tech editor","","","https://restofworld.org/","C","cross-border tech / games","RESEARCH_ROUTE","seed"
"South China Morning Post Tech","tech_media","Asia","Tech / gaming reporter","","","https://www.scmp.com/tech","B","China games / global markets","RESEARCH_ROUTE","seed"
"Nikkei Asia","business_media","Asia","Tech / gaming reporter","","","https://asia.nikkei.com/","C","Asia game business","RESEARCH_ROUTE","seed"