ID,Priority,Pipeline,Stage,Date_or_Window,Date_Extracted,Next_Review,Organization_or_Event,Region,Application_Route,Applicant,Public_Status_2026_10_10,Next_Action,Decision_Gate,Offer_EN,Requested_Benefits,Cost_Public,Date_Confidence,Official_URL,Source_Owner,Last_Updated
PIA-001,P0,个人奖项,NEEDS_RECEIPT_RECONCILIATION,2026-10-16 截止,2026-10-16,2026-10-12,WiCX 2026 Industry Impact,全球/英国,奖项报名,Joyce,Joyce自述已投，单独回执未找到,核原申报状态，不盲目重复提交,NEW_OUTREACH_LIST_REQUIRES_APPROVAL,Global game operating systems and industry method transfer,奖项入围、官方人物页、媒体素材,免费（既有记录）,官宣,https://womenincx.community/awards,PIA | Joyce approval gate,2026-10-10
PIA-002,P0,个人奖项,DRAFT_NOT_SUBMITTED,2026-10-26 截止,2026-10-26,2026-10-12,everywoman in Technology Awards 2027 — Innovator,英国,已有个人账号,Joyce,原稿在账号内，未提交,完成现有申请；先确定费用/远程规则,NEW_OUTREACH_LIST_REQUIRES_APPROVAL,From hit games to enterprise operating architectures,权威奖项、人物介绍、国际评委交流,费用及国际评审形式询问中,官宣,https://www.allbrighteverywoman.com/awards/technology-awards/,PIA | Joyce approval gate,2026-10-10
PIA-003,P0,创业奖项,READY_TO_QUALIFY,2026-10-26 截止,2026-10-26,2026-10-12,4YFN27 Awards — Digital Horizons,"巴塞罗那, 西班牙",官方免费表单,GGC/单一Bunny产品公司,未提交,核企业成立年限和产品商用状态，选单款产品,NEW_OUTREACH_LIST_REQUIRES_APPROVAL,AI consumer ritual / interactive reflection product,路演舞台、投资人、官方展示,免费申请；入围须现场,官宣,https://www.4yfn.com/4yfn-awards,PIA | Joyce approval gate,2026-10-10
PIA-006,P0,演讲,FORM_PARTIAL_NOT_SUBMITTED,2026-11-05 申请截止,2026-11-05,2026-10-12,4YFN Barcelona 2027 — Solo Speaker: Consumer AI,"巴塞罗那, 西班牙",免费CFP,Joyce/GGC,曾部分填表；无提交回执,完成所有表单字段并最终提交，不得写已成功,NEW_OUTREACH_LIST_REQUIRES_APPROVAL,From Play to Meaning: Building AI-Native Consumer Experiences,Solo talk、跨文化消费AI曝光,免费投讲者,官宣,https://www.4yfn.com/call-for-speakers,PIA | Joyce approval gate,2026-10-10
PIA-015,P0,产业人脉,RESEARCH_OR_NEXT_WINDOW,2026-10 至 2027 全年,,2026-10-12,IGDA SIG / Chinese in Games / Global Mentorship,全球/线上,产业协会/社群,Joyce/GGC,尚未单独联系,找Chinese in Games SIG及内容负责人，发英文提议,NEW_OUTREACH_LIST_REQUIRES_APPROVAL,Zynga–APAC playbook and operator workshops,长期导师、委员会、线上讲座、专题合作,会员费按官方规则,官宣,https://igda.org/community/,PIA | Joyce approval gate,2026-10-10
PIA-028,P0,行业会议,RESEARCH_OR_NEXT_WINDOW,2027-02-09—10,2027-02-09,2026-10-12,Gamesforum Barcelona 2027,"巴塞罗那, 西班牙",演讲/专门圆桌,Joyce/GGC,未联系,优先内容负责人而不是购买service商门票,PAYMENT_REQUIRES_JOYCE,UA and monetization as one game operating system,行业经营高管、专场录播,票价开发者€239起；服务方另谈,官宣,https://www.globalgamesforum.com/barcelona/,PIA | Joyce approval gate,2026-10-10
PIA-030,P0,全球大会,HOLD_ELIGIBILITY_OR_CLOSED,2027-03-01—05,2027-03-01,2026-10-12,GDC Festival of Gaming 2027,"旧金山, 美国",演讲CFP当期关闭；Business Hall/生态组织,Joyce/GGC,2027 CFP 已关闭，其他渠道待开,找GDC关联社群/IGDA/Business Hall合作或side event,NEW_OUTREACH_LIST_REQUIRES_APPROVAL,Repeatable LiveOps and greenlight decision systems,GDC官方合作、专业地位、高管会议,商务证件及活动费用待确认,官宣,https://gdconf.com/,PIA | Joyce approval gate,2026-10-10
PIA-032,P0,全球大会,READY_TO_QUALIFY,2027-03-01—04,2027-03-01,2026-10-12,4YFN Barcelona 2027,"巴塞罗那, 西班牙",Solo speaker / startup award / 投资商务,Joyce/GGC/Bunny,1份Solo已成功，AI消费第二份未提交,跟进11/30前审核并处理产品奖申请,NEW_OUTREACH_LIST_REQUIRES_APPROVAL,Systems behind hits / AI consumer experiences,官方舞台、创业投资人、媒体和展台,Solo CFP免费，展会/机票另计,官宣,https://www.4yfn.com/,PIA | Joyce approval gate,2026-10-10
PIA-036,P0,游戏会议,RESEARCH_OR_NEXT_WINDOW,2027-05-25—28,2027-05-25,2026-10-12,Nordic Game NG27 Spring,"马尔默, 瑞典",Speaker/Capital Summit/CEO网络,Joyce/GGC,待联系,找官方Speaker及Games Capital Summit入口,PAYMENT_REQUIRES_JOYCE,Global studio operating frameworks,独立舞台、资本论坛、欧洲工作室,Business Pass需门票+€50,官宣,https://nordicgame.com/,PIA | Joyce approval gate,2026-10-10
PIA-037,P0,科技大会,RESEARCH_OR_NEXT_WINDOW,2027-05-26—28,2027-05-26,2026-10-12,Asia Tech x Singapore 2027,新加坡,Conference + content/marketing partnerships,Joyce/GGC/SAGA,未联系，主办方联系人已核,先联络 Elle Quan（Conference）再联络 Denise Khoo（Partnerships）,NEW_OUTREACH_LIST_REQUIRES_APPROVAL,Asia-to-global AI operating systems & consumer products,内容/品牌/媒体、政策与企业高管,赞助/会票TBC,官宣,https://asiatechxsg.com/atxenterprise/contact/,PIA | Joyce approval gate,2026-10-10
PIA-041,P0,游戏会议,RESEARCH_OR_NEXT_WINDOW,2027-07-13—15,2027-07-13,2026-10-12,Develop:Brighton 2027,"布莱顿, 英国",Speaker CFP/专业工作坊,Joyce,2027 CFP尚未核实开放,查新版2027 CFP何时开放,NEW_OUTREACH_LIST_REQUIRES_APPROVAL,Global Game Operating Systems: From Model to Studio Decisions,欧美开发者和产品专业声望,门票/讲者TBC,官宣,https://www.developconference.com/,PIA | Joyce approval gate,2026-10-10
PIA-043,P0,国际游戏,RESEARCH_OR_NEXT_WINDOW,2027-08-23—29,2027-08-23,2026-10-12,gamescom 2027,"科隆, 德国",B2B/媒体/产品展示/合作,GGC/Bunny/游戏IP,已列候选,与gamescom dev组合行程,PAYMENT_REQUIRES_JOYCE,China–Global developer and publishing exchange,品牌合作、发行伙伴、国际媒体,展位与参会需付费,官宣,https://www.gamescom.global/en,PIA | Joyce approval gate,2026-10-10
PIA-045,P0,公司奖项,RESEARCH_OR_NEXT_WINDOW,2027-02-09 开放；06-16最终截止,2027-02-09,2026-10-12,Stevie International Business Awards 2027,全球/巴黎颁奖,企业+个人奖项,Joyce/GGC/Bunny,未开,2月取Entry Kit，按个体和企业分申报,PAYMENT_REQUIRES_JOYCE,Operating architecture / AI/Global publishing/company innovation,公司奖、个人奖、PR渠道,按类别收费，待kit,官宣,https://iba.stevieawards.com/About/Calendar,PIA | Joyce approval gate,2026-10-10
PIA-046,P0,女性企业奖,RESEARCH_OR_NEXT_WINDOW,2027-05-11 开放；08-19最终截止,2027-05-11,2026-10-12,Stevie Awards for Women in Business 2027,全球/颁奖TBC,女性领导/公司奖,Joyce/GGC,未开,报名窗开后，选Executive / Entrepreneur / Business类别,PAYMENT_REQUIRES_JOYCE,Cross-industry entrepreneurship and global games authority,女性高管/创始人国际奖项,按类别收费,官宣,https://women.stevieawards.com/,PIA | Joyce approval gate,2026-10-10
PIA-047,P0,科技公司奖,RESEARCH_OR_NEXT_WINDOW,2027-03-10 开放；06-10最终截止,2027-03-10,2026-10-12,Stevie Awards for Technology Excellence 2027,全球/国际,科技系统与产品奖,GGC/Bunny/Jo​​yce,未开,3/10按技术创新类别筛选，提交前核费,PAYMENT_REQUIRES_JOYCE,AI-native decision systems in game and consumer businesses,公司技术创新全球认可,收费TBC,官宣,https://tech.stevieawards.com/,PIA | Joyce approval gate,2026-10-10
PIA-062,P0,AI论坛,RESEARCH_OR_NEXT_WINDOW,2027 日期待公布,,2026-10-12,SuperAI Singapore,新加坡,AI消费产品高规格演讲,Joyce/GGC/SAGA,未核2027日期,找真正内容团队和2027 CFP,NEW_OUTREACH_LIST_REQUIRES_APPROVAL,From global game systems to AI-native consumer products,亚太AI投资圈/国际舞台,TBC,周期候选,https://www.superai.com/,PIA | Joyce approval gate,2026-10-10
PIA-065,P0,企业合作,READY_TO_QUALIFY,2027 全年,,2026-10-12,ATxSG Singapore — conference + marketing/partnerships,新加坡,会议内容和合作负责人邮件,GGC,尚未外联,先审核目标后联系 Elle Quan / Denise Khoo,NEW_OUTREACH_LIST_REQUIRES_APPROVAL,China-to-global AI games and digital consumer systems,联合演讲、媒体、生态与企业会面,商务/合作形式和成本待谈,官宣,https://asiatechxsg.com/atxenterprise/contact/,PIA | Joyce approval gate,2026-10-10
PIA-067,P0,媒体/自有PR,READY_TO_QUALIFY,2026 Q4—2027全年,,2026-10-12,GGC Global Games Operating Systems Annual Report,GGC全球/线上,独立行业报告/媒体briefing,GGC/Joyce,应制作首期,按可公开历史案例/市场数据做英文高规格报告,NEW_OUTREACH_LIST_REQUIRES_APPROVAL,2027 Global Games Operating Systems Outlook,可被引用研究、媒体专访、全球方法论,自有制作成本,自建项目,https://ggcgames.com,PIA | Joyce approval gate,2026-10-10
PIA-068,P0,媒体/自有PR,READY_TO_QUALIFY,2027 每季度,,2026-10-12,China–Global Game Operators Executive Exchange,国际线上/深圳/香港/全球会议周,邀请制行业圆桌+联合机构,GGC/Joyce,拟建立,先在PGC/Stripe/IGDA/ATxSG提联合方案,NEW_OUTREACH_LIST_REQUIRES_APPROVAL,China and Global Studios: Operating System Exchange,活动官方联名、录像、嘉宾互荐,先谈互换资源与平台支持,自建项目,https://biz.ggcgames.com/,PIA | Joyce approval gate,2026-10-10
PIA-069,P0,媒体/自有PR,RESEARCH_OR_NEXT_WINDOW,2027 全年,,2026-10-12,GGC Executive Expert Column / Guest Research,海外游戏媒体与产业平台,独家署名专栏/行业观点,Joyce,已有多封媒体pitch，未录用,针对已有媒体逐个收敛栏目格式，禁止泛群发,NEW_OUTREACH_LIST_REQUIRES_APPROVAL,The systems behind category-winning titles,第三方引用、个人署名、搜索权威,以免费earned editorial为主,自建项目,https://biz.ggcgames.com/joyce/,PIA | Joyce approval gate,2026-10-10
PIA-039,P0,创业路演,ACCEPTED_PROGRAM_NEGOTIATION,2027-06-10—12,2027-06-10,2026-10-13,WMF Italy 2027 Soft Landing + Startup Competition,意大利,已选Soft Landing；竞争Pitch另筛,SAGA/Bunny/GGC,官方已选项目；10/13确认电话,10/13会后根据条款判断意大利出行,PAYMENT_REQUIRES_JOYCE,AI-native ritual & consumer platform,创业舞台、桌位、B2B、欧洲开发者生态,€99押金条款待决定；部分票赠送,官宣,https://en.wemakefuture.it/,PIA | Joyce approval gate,2026-10-10
PIA-009,P0,公司/组织奖,RESEARCH_OR_NEXT_WINDOW,2026-10-14 开放；2027-02-17 最终截止,2026-10-14,2026-10-14,Asia-Pacific Stevie Awards 2027,亚太/国际,付费奖项,Joyce/GGC,2026-10-10 尚未开放,10/14下载Entry Kit并选类别，付款前核成本,PAYMENT_REQUIRES_JOYCE,Innovation in operating systems and global publishing,国际企业认可、公司奖项,收费类别，申请前看费用,官宣,https://asia.stevieawards.com/,PIA | Joyce approval gate,2026-10-10
PIA-010,P0,演讲/内容,CONTACTED_AWAITING_REPLY,2026-11-07—08,2026-11-07,2026-10-14,PG Connects Jordan 2026,"安曼, 约旦",已有会议内容负责人 Charlie,Joyce/GGC,已回panel概念并追问Solo/权益,等待10/10跟进邮件答复；不重复催,NEW_OUTREACH_LIST_REQUIRES_APPROVAL,The Architecture of a Global Game Business,正式演讲、媒体、MeetToMatch、差旅,讲者可能VIP；差旅TBC,官宣,https://www.pgconnects.com/,PIA | Joyce approval gate,2026-10-10
PIA-025,P0,游戏会议,CONTACTED_AWAITING_REPLY,2027-01-18—19,2027-01-18,2026-10-14,Pocket Gamer Connects London 2027,"伦敦, 英国",已投Speaker+Charlie真人关系,Joyce/GGC,已提交发言稿+权益跟进,等Charlie回，提供必要补充,PAYMENT_REQUIRES_JOYCE,From Global Hits to Operating Systems,Solo/Featured、官方媒体、录播、投资人,参会收费；讲者权益TBC,官宣,https://www.pgconnects.com/,PIA | Joyce approval gate,2026-10-10
PIA-064,P0,企业合作,CONTACTED_AWAITING_REPLY,2027 全年,,2026-10-14,Steel Media / PG Connects multi-city content partnership,英国/约旦/美国/全球,已有真人会议关系,GGC/Joyce,Charlie 已收到10/10新邮件,推进独立演讲及多城长期合作,NEW_OUTREACH_LIST_REQUIRES_APPROVAL,China–Global game operators exchange,多城活动、媒体、VIP、合办内容,内容合作/差旅待谈,官宣,https://www.pgconnects.com/,PIA | Joyce approval gate,2026-10-10
PIA-042,P0,国际游戏,RESEARCH_OR_NEXT_WINDOW,2027-08-23—24,2027-08-23,2026-10-15,gamescom dev 2027,"科隆, 德国",演讲/行业论坛,Joyce/GGC,Nico 2026-10-09自动回复至10/13,10/13后等Nico正常回复，勿重复投,NEW_OUTREACH_LIST_REQUIRES_APPROVAL,How Global Game Teams Turn Data into Decisions,欧洲开发者、会后录像、品牌,费用及讲者权益TBC,官宣,https://dev.gamescom.global/conference/,PIA | Joyce approval gate,2026-10-10
PIA-016,P0,产业人脉,SUBMITTED_AWAITING_ORGANIZER,2026-10 至 2027 全年,,2026-10-19,Women in Games — Speaker Directory / Global Events,全球/线上,已报名目录+合作,Joyce,2026-10-03目录已提交,等目录/主办方关系，扩展内容合作,NEW_OUTREACH_LIST_REQUIRES_APPROVAL,Women building global games and operating systems,正式Speaker列名、导师、年度大会,合作费用待核,官宣,https://www.womeningames.org/,PIA | Joyce approval gate,2026-10-10
PIA-018,P0,权威媒体,CONTACTED_AWAITING_REPLY,2026-10 至 2027 全年,,2026-10-19,Naavik Gaming Podcast / Research,全球/线上,播客/研究合作,Joyce,2026-10-07 已发送,保留旧线程，不同人不重复轰炸,NEW_OUTREACH_LIST_REQUIRES_APPROVAL,From Zynga data models to global game systems,节目、研究共创、创始人受众,earned media,官宣,https://naavik.co/,PIA | Joyce approval gate,2026-10-10
PIA-021,P0,权威媒体,SUBMITTED_AWAITING_ORGANIZER,2026-10 至 2027 全年,,2026-10-19,PocketGamer.biz + Steel Media Editorial,全球/线上,编辑约稿/观点/专栏,Joyce/GGC,编辑线已投；会议真人回复,与Charlie会议线区分，不能算已获媒体采访,NEW_OUTREACH_LIST_REQUIRES_APPROVAL,China-to-global operating systems,专题访谈、独立报道、官方行业渠道,earned editorial和商业合作分开,官宣,https://www.pocketgamer.biz/,PIA | Joyce approval gate,2026-10-10
PIA-024,P0,国际舞台,SUBMITTED_AWAITING_ORGANIZER,2027-01-06—09,2027-01-06,2026-10-19,CES 2027,"拉斯维加斯, 美国",演讲已投+生态联系,Joyce/GGC/Bunny,已投3份演讲,等CFP审核，权衡可能的合作及出行,ELIGIBILITY_OR_ATTENDANCE,Games × AI consumer systems,独立讲者、媒体、展示、合作,会议/门票/展位视身份定,官宣,https://www.ces.tech/,PIA | Joyce approval gate,2026-10-10
PIA-031,P0,全球大会,SUBMITTED_AWAITING_ORGANIZER,2027-03-01—04,2027-03-01,2026-10-19,MWC Barcelona 2027,"巴塞罗那, 西班牙",既有演讲已投+生态,Joyce/GGC/SAGA,演讲表单已成功提交,查主办方反馈；不与4YFN同城同周重复计成本,PAYMENT_REQUIRES_JOYCE,Consumer AI built from game operations,正式讲者、独立演讲、国际媒体,会票/赞助可能收费,官宣,https://www.mwcbarcelona.com/,PIA | Joyce approval gate,2026-10-10
PIA-063,P0,企业合作,HUMAN_REPLY_INTERNAL_ROUTING,2027 全年,,2026-10-19,Stripe × GGC ecosystem / monetization roundtable,深圳/香港/国际线上,现有真人反馈转介,GGC/Joyce,Gerald已转给相关团队,保留Case 00852222，等业务团队转介,NEW_OUTREACH_LIST_REQUIRES_APPROVAL,Global game and AI monetization operating systems,国际支付生态、联合内容、观众资源,拟联合，不先承诺预算,官宣,https://stripe.com/,PIA | Joyce approval gate,2026-10-10
PIA-005,P0,演讲,SUBMITTED_AWAITING_ORGANIZER,2026-11-05 申请截止,2026-11-05,2026-11-30,4YFN Barcelona 2027 — Solo Speaker: Game Operating Systems,"巴塞罗那, 西班牙",免费CFP,Joyce,2026-10-10 官方提交成功,等主办方答复（预计11/30前），不重复提交,NEW_OUTREACH_LIST_REQUIRES_APPROVAL,From Global Hits to Operating Systems,Solo/Featured、媒体、录播、高管关系,免费投讲者,官宣,https://www.4yfn.com/call-for-speakers,PIA | Joyce approval gate,2026-10-10
PIA-004,P1,产品奖项,READY_TO_QUALIFY,2026-10-30 早鸟,2026-10-30,2026-10-19,Webby Awards 2027 — AI / Apps / Websites,全球/美国,收费作品申报,Bunny/Astro/PLOT,未投,用产品实际可用版本做分类ROI，付款前询问,PAYMENT_REQUIRES_JOYCE,AI-powered meaningful interactive consumer experiences,官方网站、获奖/入围产品曝光,付费；按类别官网确认,官宣,https://www.webbyawards.com/how-to-enter-the-webby-awards/,PIA | Joyce approval gate,2026-10-10
PIA-007,P1,创业路演,READY_TO_QUALIFY,2026-11-13 申请截止,2026-11-13,2026-10-19,SXSW Pitch 2027,"奥斯汀, 美国",收费创业路演,Bunny/Astro/PLOT单款,未投,单款Demo与早期用户指标就绪后决定是否付费,PAYMENT_REQUIRES_JOYCE,Voice-first consumer AI/ritual and reflection,创业媒体、投资人与国际曝光,US$225 非退款（先授权）,官宣,https://sxsw.com/pitch/,PIA | Joyce approval gate,2026-10-10
PIA-011,P1,演讲/曝光,SUBMITTED_AWAITING_ORGANIZER,2026-11-09—12,2026-11-09,2026-10-19,Web Summit Lisbon 2026,"里斯本, 葡萄牙",已提交Speaker表单,Joyce/GGC,已投并有回执,等遴选；调取结果与权益,NEW_OUTREACH_LIST_REQUIRES_APPROVAL,Global Game Systems × AI Native Operating Layer,官方讲者主页、国际曝光、投资会议,讲者及出行权益TBC,官宣,https://websummit.com/,PIA | Joyce approval gate,2026-10-10
PIA-012,P1,演讲/在线,SUBMITTED_AWAITING_ORGANIZER,2026-12-09,2026-12-09,2026-10-19,IndieGameBusiness Deep Dive,线上/国际,已提交官方表单,Joyce/GGC,已投，尚未录取,等决定，准备英文内容,NEW_OUTREACH_LIST_REQUIRES_APPROVAL,Game marketing decisions behind successful global launches,录播、专家名录、独立课程,免费提交,官宣,https://indiegamebusiness.com/resources/training/igb-deep-dive/,PIA | Joyce approval gate,2026-10-10
PIA-013,P1,公司生态,READY_TO_QUALIFY,2026-12-07—11,2026-12-07,2026-10-19,GITEX Global / Expand North Star 2026,"迪拜, 阿联酋",生态/投资/演讲联系,GGC/SAGA,尚无投稿记录,核开发者/创始人议程及合作方,PAYMENT_REQUIRES_JOYCE,China-global developer bridge / consumer AI,中东产业高管、媒体与投资人,参会/展位收费；内容伙伴另谈,官宣,https://www.gitex.com/,PIA | Joyce approval gate,2026-10-10
PIA-017,P1,权威媒体,RESEARCH_OR_NEXT_WINDOW,2026-10 至 2027 全年,,2026-10-19,GameWorldObserver — editorial/podcast,全球/线上,原创行业观点/专家采访,Joyce/GGC,待联系,找对应编辑及媒体收稿规则,NEW_OUTREACH_LIST_REQUIRES_APPROVAL,The operating architecture behind repeatable global hit games,独立报道/专家引用/长期专栏,earned editorial通常免费,官宣,https://gameworldobserver.com/,PIA | Joyce approval gate,2026-10-10
PIA-019,P1,权威媒体,CONTACTED_AWAITING_REPLY,2026-10 至 2027 全年,,2026-10-19,Game Developer Podcast,全球/线上,播客采访,Joyce,2026-10-09 已发送,保留原线程,NEW_OUTREACH_LIST_REQUIRES_APPROVAL,The launch decisions behind global game franchises,节目回放、被引用的专业观点,earned media,官宣,https://www.gamedeveloper.com/,PIA | Joyce approval gate,2026-10-10
PIA-020,P1,权威媒体,CONTACTED_AWAITING_REPLY,2026-10 至 2027 全年,,2026-10-19,The Game Business / Chris Dring,全球/线上,节目/原创采访,Joyce,2026-10-08 已发送,等自然编辑回复；收费伙伴稿不冒充 earned editorial,PAYMENT_REQUIRES_JOYCE,What AI cannot replace in global game publishing,播客/专业访谈,earned media；另有收费伙伴内容,官宣,https://www.thegamebusiness.com/,PIA | Joyce approval gate,2026-10-10
PIA-022,P1,权威媒体,CONTACTED_AWAITING_REPLY,2026-10 至 2027 全年,,2026-10-19,Women-Led Games,全球/线上,女性游戏领袖采访,Joyce,2026-10-09 已发送,沿已有线程,NEW_OUTREACH_LIST_REQUIRES_APPROVAL,The operating decisions behind global women-led games,人物采访、女性创始人网络,earned media,官宣,https://www.womenledgames.com/,PIA | Joyce approval gate,2026-10-10
PIA-023,P1,权威媒体,RESEARCH_OR_NEXT_WINDOW,2026-10 至 2027 全年,,2026-10-19,Deconstructor of Fun,全球/线上,播客/研究交流,Joyce,待核联系人,核近半年节目话题、主持人与合作入口,NEW_OUTREACH_LIST_REQUIRES_APPROVAL,"Global games, data, operations, AI-native systems",高影响力播客、行业经营人网络,通常免费，需确认,官宣,https://www.deconstructoroffun.com/,PIA | Joyce approval gate,2026-10-10
PIA-027,P1,创业生态,SUBMITTED_AWAITING_ORGANIZER,2027-01-31—02-03,2027-01-31,2026-10-19,Web Summit Qatar 2027,"多哈, 卡塔尔",创业/讲者/生态伙伴,Joyce/GGC/SAGA,未发现已投,核官方speaker/startup/contact入口,PAYMENT_REQUIRES_JOYCE,China-to-MENA product operating systems,跨境商务、高管与投资人,参加/展览可能收费,官宣,https://qatar.websummit.com/,PIA | Joyce approval gate,2026-10-10
PIA-033,P1,区域高端,RESEARCH_OR_NEXT_WINDOW,2027-03-23—25,2027-03-23,2026-10-19,gamescom dev Leadership Summit 2027,"里斯本, 葡萄牙",高管闭门论坛/合作,Joyce/GGC,未联系,先询问受邀嘉宾和中国开发者桥梁合作,PAYMENT_REQUIRES_JOYCE,The operating architecture of global game studios,行业董事/CEO、私密圆桌、合作,€1399净价门票；先争取嘉宾,官宣,https://dev.gamescom.global/leadership-events/,PIA | Joyce approval gate,2026-10-10
PIA-034,P1,创业生态,READY_TO_QUALIFY,2027-04-27—28,2027-04-27,2026-10-19,Startup Grind Conference / Startup Exhibition,"硅谷, 美国",创业展示/产业生态,GGC/Bunny,未申请,查startup showcase、speaker及申请条件,NEW_OUTREACH_LIST_REQUIRES_APPROVAL,Consumer AI product from game experience systems,投资人、创始人、国际曝光,展台与参会费用待核,官宣,https://sg.startupgrind.com/startup-grind-conference-2027-interest,PIA | Joyce approval gate,2026-10-10
PIA-035,P1,游戏行业,RESEARCH_OR_NEXT_WINDOW,2027-04-14—15,2027-04-14,2026-10-19,Gamesforum Cyprus 2027,塞浦路斯,内容/行业会议,Joyce/GGC,待联系,与Barcelona同主办方一个关系线连续推进,NEW_OUTREACH_LIST_REQUIRES_APPROVAL,Game economy and monetization architecture,欧洲游戏企业和变现社区,参会/讲者费用TBC,官宣,https://www.globalgamesforum.com/our-events,PIA | Joyce approval gate,2026-10-10
PIA-038,P1,国际创业,RESEARCH_OR_NEXT_WINDOW,2027-05-25—28,2027-05-25,2026-10-19,Web Summit Vancouver 2027,"温哥华, 加拿大",Speaker / Startup,GGC/Bunny,曾有申请动作但未核回执,先查门户是否已有申请避免重复,NEW_OUTREACH_LIST_REQUIRES_APPROVAL,AI product architecture and global founders,北美科技媒体、投资人,会票/展览TBC,官宣,https://vancouver.websummit.com/,PIA | Joyce approval gate,2026-10-10
PIA-044,P1,国际AI,RESEARCH_OR_NEXT_WINDOW,2027-10-06—07,2027-10-06,2026-10-19,World Summit AI 2027,"阿姆斯特丹, 荷兰",主旨演讲/策展合作,Joyce/GGC/SAGA,未联系,找programme及speaker route,NEW_OUTREACH_LIST_REQUIRES_APPROVAL,From expert operating systems to AI-native consumer decisions,AI行业思想领导者、研究伙伴,公开会票/赞助另计,官宣,https://worldsummit.ai/,PIA | Joyce approval gate,2026-10-10
PIA-048,P1,行业奖项,RESEARCH_OR_NEXT_WINDOW,2027 时间待公布,,2026-10-19,Mobile Games Awards / Steel Media,全球/英国,游戏/工具/公司奖,GGC/已发行游戏,暂无2027最新CFP,与Charlie并行确认2027开放/付费/申报,NEW_OUTREACH_LIST_REQUIRES_APPROVAL,Best Analytics/Data Tool / Best Use of AI / Best Publisher,游戏产业奖项+媒体放大,按主办方规定,周期候选,https://www.mobilegamesawards.com/nominate,PIA | Joyce approval gate,2026-10-10
PIA-049,P1,科技奖项,RESEARCH_OR_NEXT_WINDOW,2027 时间待公布,,2026-10-19,GLOMO Awards / GSMA,"巴塞罗那, 西班牙",创新产品/移动奖,GGC/消费AI产品,未核2027类别,核2027 GLOMO规则与商业资格,ELIGIBILITY_OR_ATTENDANCE,AI-native mobile consumer experience,GSMA官方媒体与行业品牌,费用待核,周期候选,https://www.mwcbarcelona.com/,PIA | Joyce approval gate,2026-10-10
PIA-051,P1,国际会议,RESEARCH_OR_NEXT_WINDOW,2027 日期待公布,,2026-10-19,Tokyo Game Show 2027 Business Day,"东京, 日本",商业合作/国际交流,GGC/Bunny,日程未查证,跟踪CESA正式2027公告,PAYMENT_REQUIRES_JOYCE,China/Japan/global interactive game methods,日本发行合作、媒体、开发者,付费TBC,周期候选,https://tgs.cesa.or.jp/,PIA | Joyce approval gate,2026-10-10
PIA-053,P1,国际会议,RESEARCH_OR_NEXT_WINDOW,2027 日期待公布,,2026-10-19,Gamescom Asia / Asia x Thailand regional event,亚洲（以官方2027公告为准）,国际游戏会议,GGC/游戏,未开,查2027官方城市和会议构成,NEW_OUTREACH_LIST_REQUIRES_APPROVAL,Asian studios to global publishing,东南亚开发者入口,费用TBC,周期候选,https://gamescom.asia/,PIA | Joyce approval gate,2026-10-10
PIA-055,P1,全球AI,RESEARCH_OR_NEXT_WINDOW,2027 日期待公布,,2026-10-19,The AI Summit London 2027,"伦敦, 英国",国际AI演讲/合作,Joyce/GGC,2027 CFP尚未核,联系content producer,NEW_OUTREACH_LIST_REQUIRES_APPROVAL,AI-native business operating architectures,高管受众、全球AI媒体,费用TBC,周期候选,https://london.theaisummit.com/,PIA | Joyce approval gate,2026-10-10
PIA-056,P1,国际创业,RESEARCH_OR_NEXT_WINDOW,2027 日期待公布,,2026-10-19,Slush Helsinki 2027,"赫尔辛基, 芬兰",创业投资与讲者,SAGA/Bunny/GGC,2027日期未核,跟踪创业项目申请和官方speaker入口,NEW_OUTREACH_LIST_REQUIRES_APPROVAL,AI consumer products built from game mechanics,国际投资与创业者,会票/展位另计,周期候选,https://slush.org/,PIA | Joyce approval gate,2026-10-10
PIA-057,P1,国际创业,RESEARCH_OR_NEXT_WINDOW,2027 日期待公布,,2026-10-19,Web Summit Lisbon 2027,"里斯本, 葡萄牙",大会讲者/创业项目,Joyce/GGC/SAGA,2026届已经投，2027待开放,2026结果先回顾再决定2027,NEW_OUTREACH_LIST_REQUIRES_APPROVAL,Operating systems for games and consumer AI,国际科技网络,TBC,周期候选,https://websummit.com/,PIA | Joyce approval gate,2026-10-10
PIA-058,P1,国际游戏,RESEARCH_OR_NEXT_WINDOW,2027 时间待公布,,2026-10-19,D.I.C.E. Summit 2027,"拉斯维加斯, 美国",CEO与创意领袖交流,Joyce/GGC,未核具体会期,核正式会期，先考虑邀请制访谈和圆桌,NEW_OUTREACH_LIST_REQUIRES_APPROVAL,Building organisations behind winning franchises,美国资深游戏高管/行业同辈,参会和演讲权益TBC,周期候选,https://www.dicesummit.org/,PIA | Joyce approval gate,2026-10-10
PIA-059,P1,国际游戏,RESEARCH_OR_NEXT_WINDOW,2027 时间待公布,,2026-10-19,GamesBeat Summit / GamesBeat Next 2027,美国/线上,媒体旗下会议Speaker,Joyce/GGC,已有Dean媒体投递，未确认会议,避免重复邮件，找内容负责人正当入口,NEW_OUTREACH_LIST_REQUIRES_APPROVAL,Game economy and responsible AI decisions,美国AI与游戏圈层,待定,周期候选,https://gamesbeat.com/,PIA | Joyce approval gate,2026-10-10
PIA-060,P1,应用会议,RESEARCH_OR_NEXT_WINDOW,2027 时间待公布,,2026-10-19,MAU Vegas 2027,"拉斯维加斯, 美国",App商业化演讲,GGC/Bunny/PLOT,未核2027日期,找app运营/分析议程,NEW_OUTREACH_LIST_REQUIRES_APPROVAL,Consumer AI experience retention and monetisation,移动App高管/广告平台合作,TBC,周期候选,https://www.mobileappsunlocked.com/,PIA | Joyce approval gate,2026-10-10
PIA-061,P1,应用会议,RESEARCH_OR_NEXT_WINDOW,2027 时间待公布,,2026-10-19,App Promotion Summit London/Berlin,英国/德国,App营销经营演讲,Joyce/GGC,未核2027 CFP,核伦敦/柏林2027日期及CFP,NEW_OUTREACH_LIST_REQUIRES_APPROVAL,"DAU, monetization and product operating models",App运营/媒体曝光,TBC,周期候选,https://apppromotionsummit.com/,PIA | Joyce approval gate,2026-10-10
PIA-066,P1,企业合作,READY_TO_QUALIFY,2027 全年,,2026-10-19,IGDA Studio Affiliate + SIG mentorship,国际线上,协会身份/导师/合作,GGC/Joyce,待交流,先检核所在地区与项目身份适合,ELIGIBILITY_OR_ATTENDANCE,China-Global game operating standards sharing,组织级国际专业声望,官方会员费用,官宣,https://igda.org/membership/,PIA | Joyce approval gate,2026-10-10
PIA-070,P1,公司奖项,RESEARCH_OR_NEXT_WINDOW,2027 类别待公布,,2026-10-19,Games-related Company/Tool Innovation Awards,全球,年度移动游戏/数据工具/发行商奖,GGC/OpsGo,需看GGC真实产品状态,公司与在建工具优先报企业创新，别硬套游戏作品奖,NEW_OUTREACH_LIST_REQUIRES_APPROVAL,AI Game Copilot / LiveOps operating frameworks,公司品牌、产品技术信任,TBC,周期候选,https://www.mobilegamesawards.com/,PIA | Joyce approval gate,2026-10-10
PIA-071,P1,研究/合作,HOLD_ELIGIBILITY_OR_CLOSED,2027 周期待公布,,2026-10-19,John Templeton Foundation — cross-cultural meaning / research,国际研究网络,研究机构/非股权基金会合作,SAGA Lab/学术伙伴,2026已关闭，2027待官方,先确立学术伙伴/研究问题与可公开理论,NEW_OUTREACH_LIST_REQUIRES_APPROVAL,Global atlas of human meaning and cultural practices,研究合作、非商业权威,通常研究拨款；适格申请方需核,周期候选,https://www.templeton.org/grants/grant-calendar,PIA | Joyce approval gate,2026-10-10
PIA-073,P1,创业赛道,READY_TO_QUALIFY,2027 周期待公布,,2026-10-19,Entrepreneurship World Cup — Global,全球,创业竞赛/项目Deck,Bunny/SAGA单一公司,2027预研，未提交,核实体与产品阶段和开放时间,NEW_OUTREACH_LIST_REQUIRES_APPROVAL,AI-native consumer platform and commercialization,国际创业奖/投资人,此前官方为免费申请，需再核,周期候选,https://www.entrepreneurshipworldcup.com/,PIA | Joyce approval gate,2026-10-10
PIA-008,P2,行业奖项,READY_TO_QUALIFY,2026-11-06 部分作品截止,2026-11-06,2026-11-02,BAFTA Games Awards 2027,"伦敦, 英国",游戏及权利人授权提名,实际具备资格的原创游戏,未投；只有适格发行的作品可报,仅版权人授权和发行日期符合时考虑,PAYMENT_REQUIRES_JOYCE,Creative and technical excellence in an eligible game,英国国际游戏艺术权威,申报收费，需核各类别,官宣,https://www.bafta.org/awards/games-rules/,PIA | Joyce approval gate,2026-10-10
PIA-014,P2,游戏作品奖,RESEARCH_OR_NEXT_WINDOW,2026-12-08 截止,2026-12-08,2026-11-02,D.I.C.E. Awards 2027,"拉斯维加斯, 美国",具资格游戏作品申报,权利方授权游戏,2026-10-09 开放,只核有原创发行权的合格作品,NEW_OUTREACH_LIST_REQUIRES_APPROVAL,Peer-recognised game excellence,专业同行奖项,规则/费用需核,官宣,https://www.interactive.org/awards/30th_annual_dice_awards_submissions_now_open.asp,PIA | Joyce approval gate,2026-10-10
PIA-026,P2,行业邻近,RESEARCH_OR_NEXT_WINDOW,2027-01-18—20,2027-01-18,2026-11-02,ICE Barcelona 2027,"巴塞罗那, 西班牙",赌场/游戏生态,GGC社交赌场方法,筛选,只做合规相邻行业，不泛称真钱博彩资历,NEW_OUTREACH_LIST_REQUIRES_APPROVAL,Social casino systems versus regulated gaming,业务高管及品类对话,会议证件/演讲合作TBC,官宣,https://www.icegaming.com/,PIA | Joyce approval gate,2026-10-10
PIA-029,P2,游戏奖项,HOLD_ELIGIBILITY_OR_CLOSED,2027-02-18 颁奖,2027-02-18,2026-11-02,D.I.C.E. Awards 2027 Ceremony,"拉斯维加斯, 美国",行业奖+高管网络,合格自有游戏/个人,没有适格提名确认,申请如资格吻合；不为红毯单独飞,ELIGIBILITY_OR_ATTENDANCE,Original game achievement; executive peers,行业同行声誉,参加典礼费TBC,官宣,https://www.interactive.org/,PIA | Joyce approval gate,2026-10-10
PIA-040,P2,创业生态,RESEARCH_OR_NEXT_WINDOW,2027-06-14—17,2027-06-14,2026-11-02,Web Summit Rio 2027,"里约热内卢, 巴西",Speaker / Startup/Partnership,GGC/SAGA,未联系,锁产品在LatAm商业机会后考虑,NEW_OUTREACH_LIST_REQUIRES_APPROVAL,Asia–Latin America interactive products,LatAm用户/发行/投资人,会票/展览TBC,官宣,https://rio.websummit.com/,PIA | Joyce approval gate,2026-10-10
PIA-050,P2,国际游戏奖,RESEARCH_OR_NEXT_WINDOW,2027 时间待公布,,2026-11-02,Gamescom Awards / gamescom dev Awards,"科隆, 德国",游戏/开发者奖,有权提交的产品/GGC,未开,核是否公司适格及原始游戏版权,NEW_OUTREACH_LIST_REQUIRES_APPROVAL,Product and system innovation,展会专业奖,TBC,周期候选,https://www.gamescom.global/en,PIA | Joyce approval gate,2026-10-10
PIA-052,P2,国际会议,RESEARCH_OR_NEXT_WINDOW,2027 日期待公布,,2026-11-02,G-STAR 2027,"釜山, 韩国",B2B/会议交流,GGC/游戏,未开,查2027 B2B与论坛嘉宾,NEW_OUTREACH_LIST_REQUIRES_APPROVAL,Cross-region monetization and LiveOps,韩国工作室与发行商,费用TBC,周期候选,https://www.gstar.or.kr/,PIA | Joyce approval gate,2026-10-10
PIA-054,P2,国际会议,RESEARCH_OR_NEXT_WINDOW,2027 日期待公布,,2026-11-02,Gamescom Latam 2027,拉美（以官方公告为准）,国际游戏商业论坛,GGC/游戏,未开,查官方CFP及游戏展示,NEW_OUTREACH_LIST_REQUIRES_APPROVAL,Publishing systems across emerging markets,LatAm发行合作,费用TBC,周期候选,https://latam.gamescom.global/,PIA | Joyce approval gate,2026-10-10
PIA-072,P2,研究/合作,RESEARCH_OR_NEXT_WINDOW,2027 周期待公布,,2026-11-02,Global Wellness Summit / Wellness sector networking,国际/城市待公布,非临床wellness主题合作,SAGA/Bunny,未核2027 CFP,先确认2027内容制片人及合适话题,PAYMENT_REQUIRES_JOYCE,"Digital rituals, cultural wellbeing and user experience",身心灵跨界合作,行业会务费用可能收费,周期候选,https://www.globalwellnesssummit.com/,PIA | Joyce approval gate,2026-10-10
PIA-074,P2,科技交流,RESEARCH_OR_NEXT_WINDOW,2027 周期待公布,,2026-11-02,GITEX AI Singapore / GITEX Europe / GITEX Global 2027,亚洲/欧洲/中东,新兴区域扩张,GGC/SAGA,部分2027会期未正式公布,仅在真实内容或展会官方有明确路线时触达,PAYMENT_REQUIRES_JOYCE,AI systems + cross-cultural products,国际区域高管与企业媒体,展位可收费；先争讲者,周期候选,https://www.gitex.com/,PIA | Joyce approval gate,2026-10-10
