product_id,company_id,product_name,current_category,interest_expansion_tags,lifecycle,source_url
"pr_kunlun_linky","co_kunlun_tech","Linky","AI companion/social","AI_COMPANION|AI_SOCIAL","Live","https://play.google.com/store/apps/details?id=com.aigc.ushow.ichat"
"pr_kunlun_gamewave","co_kunlun_tech","GameWave – AI Game Community","AI-native UGC game platform","AI_NATIVE_GAME","Live","https://apps.apple.com/sg/developer/skywork-ai-pte-ltd/id1619484606"
"pr_kunlun_maosen","co_kunlun_tech","猫森小镇","open-world/AIGC+UGC","AI_NATIVE_GAME|SIMS_ADJACENT","In development","https://money.finance.sina.com.cn/corp/view/vCB_AllBulletinDetail.php?id=12170820&stockid=300418"
"pr_kunlun_shengjing","co_kunlun_tech","圣境之塔","MMORPG","GLOBAL_GAME","Live","https://money.finance.sina.com.cn/corp/view/vCB_AllBulletinDetail.php?id=12170820&stockid=300418"
"pr_kunlun_rod","co_kunlun_tech","Rise of Dragons","RPG","GLOBAL_GAME","Live","https://apps.apple.com/sg/developer/skywork-ai-pte-ltd/id1619484606"
"pr_kunlun_tlon","co_kunlun_tech","The Legend of Neverland","MMORPG","GLOBAL_GAME","Live","https://apps.apple.com/sg/developer/skywork-ai-pte-ltd/id1619484606"
"pr_qingci_super_snail","co_qingci_games","最强蜗牛 / Super Snail","idle RPG","GLOBAL_GAME","Live","https://www.qcplay.com/games.html"
"pr_qingci_xianjian","co_qingci_games","新仙剑奇侠传之挥剑问情","RPG","LICENSED_IP","Live","https://www.qcplay.com/games.html"
"pr_qingci_lantern","co_qingci_games","提灯与地下城","RPG","DUNGEON","Live","https://www.qcplay.com/games.html"
"pr_qingci_sakura","co_qingci_games","魔卡少女樱：回忆钥匙","simulation/RPG","SIMS_CURRENT|LICENSED_IP","Live","https://www.qcplay.com/games.html"
"pr_qingci_goose","co_qingci_games","肥鹅健身房","merge simulation","SIMS_CURRENT","Live","https://www.qcplay.com/games.html"
"pr_qingci_gumballs","co_qingci_games","不思议迷宫","roguelike/adventure","OTHER_GAME","Live","https://www.qcplay.com/games.html"
"pr_qingci_ares","co_qingci_games","阿瑞斯病毒","survival RPG","OTHER_GAME","Live","https://www.qcplay.com/games.html"
"pr_qingci_ares2","co_qingci_games","阿瑞斯病毒2","survival RPG","OTHER_GAME","Live","https://www.qcplay.com/games.html"
"pr_qingci_endless","co_qingci_games","无尽大冒险","RPG","OTHER_GAME","Live","https://www.qcplay.com/games.html"
"pr_qingci_lostlight","co_qingci_games","迷途之光","RPG","OTHER_GAME","Live","https://www.qcplay.com/games.html"
"pr_qingci_familiar","co_qingci_games","使魔计划","strategy/RPG","OTHER_GAME","Live","https://www.qcplay.com/games.html"
"pr_qingci_timetravel","co_qingci_games","时光旅行社","strategy/RPG","OTHER_GAME","Live","https://www.qcplay.com/games.html"
"pr_qingci_knight","co_qingci_games","骑士冲呀","action/RPG","OTHER_GAME","Live","https://www.qcplay.com/games.html"
"pr_baioo_yemu","co_baioo","夜幕之下","women-oriented","NEW_PRODUCT_PIPELINE","Live","https://www.baioo.com.hk/"
"pr_baioo_colorworld","co_baioo","乱涂！彩世界","casual","OTHER_GAME","Live","https://www.baioo.com.hk/"
"pr_baioo_aobi_mobile","co_baioo","奥比岛：梦想国度","virtual world/simulation","SIMS_CURRENT","Live","https://www.baioo.com.hk/"
"pr_baioo_aoqi_mobile","co_baioo","奥奇传说手游","RPG","OTHER_GAME","Live","https://www.baioo.com.hk/"
"pr_baioo_aola_mobile","co_baioo","奥拉星手游","RPG","OTHER_GAME","Live","https://www.baioo.com.hk/"
"pr_baioo_food","co_baioo","食物语","RPG","OTHER_GAME","Live","https://www.baioo.com.hk/"
"pr_baioo_aoqi","co_baioo","奥奇传说","web game/RPG","OTHER_GAME","Live","https://www.baioo.com.hk/"
"pr_baioo_aola","co_baioo","奥拉星","web game/RPG","OTHER_GAME","Live","https://www.baioo.com.hk/"
"pr_baioo_aobi","co_baioo","奥比岛","children virtual world","SIMS_CURRENT","Live","https://www.baioo.com.hk/"
"pr_baioo_aoya","co_baioo","奥雅之光","children virtual world/RPG","SIMS_CURRENT","Live","https://www.baioo.com.hk/"
